CODE_PROD,LIB_PROD,NATURE_CONSOM,forecast_week,horizon_weeks,predicted_qty
5BB090420,GANT D'EXAMEN EN LATEX NON POUDRE TAILLE,0.0,2024-02-05,1,524.0
5BB090420,GANT D'EXAMEN EN LATEX NON POUDRE TAILLE,0.0,2024-02-12,2,538.86
5BB090420,GANT D'EXAMEN EN LATEX NON POUDRE TAILLE,0.0,2024-02-19,3,338.73
5BB090420,GANT D'EXAMEN EN LATEX NON POUDRE TAILLE,0.0,2024-02-26,4,280.28
5BB090300,GANT D'EXAMEN EN LATEX POUDRE M,0.0,2024-02-05,1,234.46
5BB090300,GANT D'EXAMEN EN LATEX POUDRE M,0.0,2024-02-12,2,211.91
5BB090300,GANT D'EXAMEN EN LATEX POUDRE M,0.0,2024-02-19,3,191.17
5BB090300,GANT D'EXAMEN EN LATEX POUDRE M,0.0,2024-02-26,4,134.44
5BB090084,GANT D'EXAMEN EN LATEX NON POUDRE,0.0,2024-02-05,1,130.45
5BB090084,GANT D'EXAMEN EN LATEX NON POUDRE,0.0,2024-02-12,2,156.71
5BB090084,GANT D'EXAMEN EN LATEX NON POUDRE,0.0,2024-02-19,3,136.48
5BB090084,GANT D'EXAMEN EN LATEX NON POUDRE,0.0,2024-02-26,4,113.23
5BB060068,COMPRESSE STERILE TISSE 5X5 PQT 5,1.0,2024-02-05,1,75.95
5BB060068,COMPRESSE STERILE TISSE 5X5 PQT 5,1.0,2024-02-12,2,59.38
5BB060068,COMPRESSE STERILE TISSE 5X5 PQT 5,1.0,2024-02-19,3,76.43
5BB060068,COMPRESSE STERILE TISSE 5X5 PQT 5,1.0,2024-02-26,4,65.31
5BB090021,BAVETTES,0.0,2024-02-05,1,244.97
5BB090021,BAVETTES,0.0,2024-02-12,2,151.03
5BB090021,BAVETTES,0.0,2024-02-19,3,181.96
5BB090021,BAVETTES,0.0,2024-02-26,4,148.92
5BB010143,SERINGUE 10ML,1.0,2024-02-05,1,36.21
5BB010143,SERINGUE 10ML,1.0,2024-02-12,2,32.69
5BB010143,SERINGUE 10ML,1.0,2024-02-19,3,46.79
5BB010143,SERINGUE 10ML,1.0,2024-02-26,4,47.26
5BB090004,ABAISSE LANGUE EN BOIS BTE 100,0.0,2024-02-05,1,234.05
5BB090004,ABAISSE LANGUE EN BOIS BTE 100,0.0,2024-02-12,2,227.2
5BB090004,ABAISSE LANGUE EN BOIS BTE 100,0.0,2024-02-19,3,194.96
5BB090004,ABAISSE LANGUE EN BOIS BTE 100,0.0,2024-02-26,4,184.91
5BB140030,SACHET POUR TRANSFER DES TUBES,0.0,2024-02-05,1,162.79
5BB140030,SACHET POUR TRANSFER DES TUBES,0.0,2024-02-12,2,99.3
5BB140030,SACHET POUR TRANSFER DES TUBES,0.0,2024-02-19,3,96.12
5BB140030,SACHET POUR TRANSFER DES TUBES,0.0,2024-02-26,4,93.72
5BB010089,PERFUSEUR A SERUM AVEC ROBINET,1.0,2024-02-05,1,30.67
5BB010089,PERFUSEUR A SERUM AVEC ROBINET,1.0,2024-02-12,2,25.18
5BB010089,PERFUSEUR A SERUM AVEC ROBINET,1.0,2024-02-19,3,37.06
5BB010089,PERFUSEUR A SERUM AVEC ROBINET,1.0,2024-02-26,4,36.15
5BB140034,TAMPON ALCOLISE LINGETTE P. ECBU ESP,1.0,2024-02-05,1,35.59
5BB140034,TAMPON ALCOLISE LINGETTE P. ECBU ESP,1.0,2024-02-12,2,28.65
5BB140034,TAMPON ALCOLISE LINGETTE P. ECBU ESP,1.0,2024-02-19,3,42.55
5BB140034,TAMPON ALCOLISE LINGETTE P. ECBU ESP,1.0,2024-02-26,4,32.45
5BB010075,INTRANULE G 20,1.0,2024-02-05,1,17.49
5BB010075,INTRANULE G 20,1.0,2024-02-12,2,17.65
5BB010075,INTRANULE G 20,1.0,2024-02-19,3,26.94
5BB010075,INTRANULE G 20,1.0,2024-02-26,4,27.9
5BB060056,CHARLOTTES FEMME BLEU ET VERT,0.0,2024-02-05,1,194.68
5BB060056,CHARLOTTES FEMME BLEU ET VERT,0.0,2024-02-12,2,118.14
5BB060056,CHARLOTTES FEMME BLEU ET VERT,0.0,2024-02-19,3,114.08
5BB060056,CHARLOTTES FEMME BLEU ET VERT,0.0,2024-02-26,4,117.29
5BB090014,BANDELETTE ET LANCETTE CONTOUR PLUS,1.0,2024-02-05,1,31.99
5BB090014,BANDELETTE ET LANCETTE CONTOUR PLUS,1.0,2024-02-12,2,26.65
5BB090014,BANDELETTE ET LANCETTE CONTOUR PLUS,1.0,2024-02-19,3,40.9
5BB090014,BANDELETTE ET LANCETTE CONTOUR PLUS,1.0,2024-02-26,4,31.95
5BB140044,TUBE HEPARINE  4ML,0.0,2024-02-05,1,92.3
5BB140044,TUBE HEPARINE  4ML,0.0,2024-02-12,2,118.68
5BB140044,TUBE HEPARINE  4ML,0.0,2024-02-19,3,95.28
5BB140044,TUBE HEPARINE  4ML,0.0,2024-02-26,4,97.34
T00058,MASQUE DE PROTECTION FFP 2,0.0,2024-02-05,1,78.78
T00058,MASQUE DE PROTECTION FFP 2,0.0,2024-02-12,2,76.26
T00058,MASQUE DE PROTECTION FFP 2,0.0,2024-02-19,3,71.89
T00058,MASQUE DE PROTECTION FFP 2,0.0,2024-02-26,4,66.4
5BB140048,TUBE ROUGE SEC 4ML,0.0,2024-02-05,1,97.92
5BB140048,TUBE ROUGE SEC 4ML,0.0,2024-02-12,2,104.32
5BB140048,TUBE ROUGE SEC 4ML,0.0,2024-02-19,3,103.41
5BB140048,TUBE ROUGE SEC 4ML,0.0,2024-02-26,4,91.59
T00095,TUBE  EDTA-K2 4ML,0.0,2024-02-05,1,87.06
T00095,TUBE  EDTA-K2 4ML,0.0,2024-02-12,2,93.29
T00095,TUBE  EDTA-K2 4ML,0.0,2024-02-19,3,94.26
T00095,TUBE  EDTA-K2 4ML,0.0,2024-02-26,4,91.38
5BB050214,ELECTRODE ECG ADULTE/ENFANT,1.0,2024-02-05,1,28.18
5BB050214,ELECTRODE ECG ADULTE/ENFANT,1.0,2024-02-12,2,27.04
5BB050214,ELECTRODE ECG ADULTE/ENFANT,1.0,2024-02-19,3,34.11
5BB050214,ELECTRODE ECG ADULTE/ENFANT,1.0,2024-02-26,4,35.92
5AD100004,OMEPRAZOLE NORMON 40 MG  40MG INJECTA (0,1.0,2024-02-05,1,8.58
5AD100004,OMEPRAZOLE NORMON 40 MG  40MG INJECTA (0,1.0,2024-02-12,2,8.9
5AD100004,OMEPRAZOLE NORMON 40 MG  40MG INJECTA (0,1.0,2024-02-19,3,10.03
5AD100004,OMEPRAZOLE NORMON 40 MG  40MG INJECTA (0,1.0,2024-02-26,4,8.65
5AD010083,PARACETAMOL NORMON 10  INJECTA (50),1.0,2024-02-05,1,3.83
5AD010083,PARACETAMOL NORMON 10  INJECTA (50),1.0,2024-02-12,2,4.38
5AD010083,PARACETAMOL NORMON 10  INJECTA (50),1.0,2024-02-19,3,5.14
5AD010083,PARACETAMOL NORMON 10  INJECTA (50),1.0,2024-02-26,4,4.75
5BB060063,COMPRESSE STERILE  TISSE 10X10 PQT5,1.0,2024-02-05,1,27.51
5BB060063,COMPRESSE STERILE  TISSE 10X10 PQT5,1.0,2024-02-12,2,30.39
5BB060063,COMPRESSE STERILE  TISSE 10X10 PQT5,1.0,2024-02-19,3,41.9
5BB060063,COMPRESSE STERILE  TISSE 10X10 PQT5,1.0,2024-02-26,4,39.75
5AD100002,CLOPRAME 10 MG/2ML SOLUT 10MG/2ML INJECT,1.0,2024-02-05,1,3.82
5AD100002,CLOPRAME 10 MG/2ML SOLUT 10MG/2ML INJECT,1.0,2024-02-12,2,4.28
5AD100002,CLOPRAME 10 MG/2ML SOLUT 10MG/2ML INJECT,1.0,2024-02-19,3,4.92
5AD100002,CLOPRAME 10 MG/2ML SOLUT 10MG/2ML INJECT,1.0,2024-02-26,4,4.44
5AD010001,ACUPAN 20 MG SOLUTION IN 20MG INJECTA (0,1.0,2024-02-05,1,3.3
5AD010001,ACUPAN 20 MG SOLUTION IN 20MG INJECTA (0,1.0,2024-02-12,2,3.88
5AD010001,ACUPAN 20 MG SOLUTION IN 20MG INJECTA (0,1.0,2024-02-19,3,4.48
5AD010001,ACUPAN 20 MG SOLUTION IN 20MG INJECTA (0,1.0,2024-02-26,4,3.67
5BB010014,AIGUILLE DE PRELEVEMENT 22G25MM,1.0,2024-02-05,1,14.69
5BB010014,AIGUILLE DE PRELEVEMENT 22G25MM,1.0,2024-02-12,2,10.15
5BB010014,AIGUILLE DE PRELEVEMENT 22G25MM,1.0,2024-02-19,3,12.74
5BB010014,AIGUILLE DE PRELEVEMENT 22G25MM,1.0,2024-02-26,4,11.43
5BB060105,SPARADRAP HYPO  10CMX10M,0.0,2024-02-05,1,36.96
5BB060105,SPARADRAP HYPO  10CMX10M,0.0,2024-02-12,2,30.98
5BB060105,SPARADRAP HYPO  10CMX10M,0.0,2024-02-19,3,34.98
5BB060105,SPARADRAP HYPO  10CMX10M,0.0,2024-02-26,4,34.48
5AD010043,NO-SPA 40MG/2ML SOLUT   INJECTA (05),1.0,2024-02-05,1,12.66
5AD010043,NO-SPA 40MG/2ML SOLUT   INJECTA (05),1.0,2024-02-12,2,14.31
5AD010043,NO-SPA 40MG/2ML SOLUT   INJECTA (05),1.0,2024-02-19,3,15.49
5AD010043,NO-SPA 40MG/2ML SOLUT   INJECTA (05),1.0,2024-02-26,4,17.19
5BB090171,SURCHAUSSURES EN POLETHY N.TISSE BIO,0.0,2024-02-05,1,56.93
5BB090171,SURCHAUSSURES EN POLETHY N.TISSE BIO,0.0,2024-02-12,2,71.21
5BB090171,SURCHAUSSURES EN POLETHY N.TISSE BIO,0.0,2024-02-19,3,66.98
5BB090171,SURCHAUSSURES EN POLETHY N.TISSE BIO,0.0,2024-02-26,4,54.15
5BB010102,SERINGUE 20ML,1.0,2024-02-05,1,6.59
5BB010102,SERINGUE 20ML,1.0,2024-02-12,2,9.77
5BB010102,SERINGUE 20ML,1.0,2024-02-19,3,11.62
5BB010102,SERINGUE 20ML,1.0,2024-02-26,4,10.08
5BB010104,SERINGUE 5ML,1.0,2024-02-05,1,7.32
5BB010104,SERINGUE 5ML,1.0,2024-02-12,2,6.24
5BB010104,SERINGUE 5ML,1.0,2024-02-19,3,8.6
5BB010104,SERINGUE 5ML,1.0,2024-02-26,4,6.82
5BB060059,COMPRESSE NON TISSE 5X5 (5 PIECES),1.0,2024-02-05,1,4.51
5BB060059,COMPRESSE NON TISSE 5X5 (5 PIECES),1.0,2024-02-12,2,4.82
5BB060059,COMPRESSE NON TISSE 5X5 (5 PIECES),1.0,2024-02-19,3,5.35
5BB060059,COMPRESSE NON TISSE 5X5 (5 PIECES),1.0,2024-02-26,4,5.0
5BB060121,SPARADRAP TEGADERM IV 6CMX7CM,1.0,2024-02-05,1,0.96
5BB060121,SPARADRAP TEGADERM IV 6CMX7CM,1.0,2024-02-12,2,1.12
5BB060121,SPARADRAP TEGADERM IV 6CMX7CM,1.0,2024-02-19,3,1.24
5BB060121,SPARADRAP TEGADERM IV 6CMX7CM,1.0,2024-02-26,4,1.2
5AD010036,MIDAZOLAM AGUETTANT 5 MG 5MG INJECTA (10,1.0,2024-02-05,1,6.83
5AD010036,MIDAZOLAM AGUETTANT 5 MG 5MG INJECTA (10,1.0,2024-02-12,2,7.45
5AD010036,MIDAZOLAM AGUETTANT 5 MG 5MG INJECTA (10,1.0,2024-02-19,3,10.5
5AD010036,MIDAZOLAM AGUETTANT 5 MG 5MG INJECTA (10,1.0,2024-02-26,4,7.99
5BB010076,INTRANULE G 22,1.0,2024-02-05,1,7.25
5BB010076,INTRANULE G 22,1.0,2024-02-12,2,10.06
5BB010076,INTRANULE G 22,1.0,2024-02-19,3,9.39
5BB010076,INTRANULE G 22,1.0,2024-02-26,4,6.34
5BB140081,FLACON DE PRELEV D'URINE SOUS VIDE 120ML,1.0,2024-02-05,1,8.05
5BB140081,FLACON DE PRELEV D'URINE SOUS VIDE 120ML,1.0,2024-02-12,2,9.64
5BB140081,FLACON DE PRELEV D'URINE SOUS VIDE 120ML,1.0,2024-02-19,3,10.99
5BB140081,FLACON DE PRELEV D'URINE SOUS VIDE 120ML,1.0,2024-02-26,4,11.01
5BB010074,INTRANULE G 18,1.0,2024-02-05,1,5.01
5BB010074,INTRANULE G 18,1.0,2024-02-12,2,4.46
5BB010074,INTRANULE G 18,1.0,2024-02-19,3,5.13
5BB010074,INTRANULE G 18,1.0,2024-02-26,4,5.02
5BB140010,FLACON POUR URINE ECBU 60ML,1.0,2024-02-05,1,7.15
5BB140010,FLACON POUR URINE ECBU 60ML,1.0,2024-02-12,2,8.99
5BB140010,FLACON POUR URINE ECBU 60ML,1.0,2024-02-19,3,9.79
5BB140010,FLACON POUR URINE ECBU 60ML,1.0,2024-02-26,4,8.44
5BB010100,SERINGUE 1ML,1.0,2024-02-05,1,6.12
5BB010100,SERINGUE 1ML,1.0,2024-02-12,2,6.37
5BB010100,SERINGUE 1ML,1.0,2024-02-19,3,7.46
5BB010100,SERINGUE 1ML,1.0,2024-02-26,4,7.17
5BB140043,TUBE EDTA-K2 2ML,0.0,2024-02-05,1,23.41
5BB140043,TUBE EDTA-K2 2ML,0.0,2024-02-12,2,20.02
5BB140043,TUBE EDTA-K2 2ML,0.0,2024-02-19,3,26.32
5BB140043,TUBE EDTA-K2 2ML,0.0,2024-02-26,4,31.58
5AD020035,MAXICLAV 1G/200 MG PO  1G/200  POUDRE (0,1.0,2024-02-05,1,4.46
5AD020035,MAXICLAV 1G/200 MG PO  1G/200  POUDRE (0,1.0,2024-02-12,2,4.87
5AD020035,MAXICLAV 1G/200 MG PO  1G/200  POUDRE (0,1.0,2024-02-19,3,6.23
5AD020035,MAXICLAV 1G/200 MG PO  1G/200  POUDRE (0,1.0,2024-02-26,4,5.03
5BB010077,INTRANULE G 24,1.0,2024-02-05,1,5.3
5BB010077,INTRANULE G 24,1.0,2024-02-12,2,5.46
5BB010077,INTRANULE G 24,1.0,2024-02-19,3,7.65
5BB010077,INTRANULE G 24,1.0,2024-02-26,4,6.26
5BB140046,TUBE HEPARINE 2ML,0.0,2024-02-05,1,23.31
5BB140046,TUBE HEPARINE 2ML,0.0,2024-02-12,2,7.06
5BB140046,TUBE HEPARINE 2ML,0.0,2024-02-19,3,10.51
5BB140046,TUBE HEPARINE 2ML,0.0,2024-02-26,4,11.29
5BB060082,DRAP P. TABLE D'EXAMEN BLANC,0.0,2024-02-05,1,11.76
5BB060082,DRAP P. TABLE D'EXAMEN BLANC,0.0,2024-02-12,2,11.01
5BB060082,DRAP P. TABLE D'EXAMEN BLANC,0.0,2024-02-19,3,12.93
5BB060082,DRAP P. TABLE D'EXAMEN BLANC,0.0,2024-02-26,4,10.89
5BB090169,SURBLOUSE VISITEUR NON STÉRILE,0.0,2024-02-05,1,47.05
5BB090169,SURBLOUSE VISITEUR NON STÉRILE,0.0,2024-02-12,2,49.0
5BB090169,SURBLOUSE VISITEUR NON STÉRILE,0.0,2024-02-19,3,50.41
5BB090169,SURBLOUSE VISITEUR NON STÉRILE,0.0,2024-02-26,4,55.18
5BB010117,SET DE SUTURE REF470258,1.0,2024-02-05,1,4.5
5BB010117,SET DE SUTURE REF470258,1.0,2024-02-12,2,4.99
5BB010117,SET DE SUTURE REF470258,1.0,2024-02-19,3,6.34
5BB010117,SET DE SUTURE REF470258,1.0,2024-02-26,4,5.13
5BB060014,BANDE DE CREPE  5 CM,1.0,2024-02-05,1,4.97
5BB060014,BANDE DE CREPE  5 CM,1.0,2024-02-12,2,4.64
5BB060014,BANDE DE CREPE  5 CM,1.0,2024-02-19,3,6.56
5BB060014,BANDE DE CREPE  5 CM,1.0,2024-02-26,4,5.18
5BB020005,POCHE A URINE ADULTE,1.0,2024-02-05,1,5.8
5BB020005,POCHE A URINE ADULTE,1.0,2024-02-12,2,6.45
5BB020005,POCHE A URINE ADULTE,1.0,2024-02-19,3,7.19
5BB020005,POCHE A URINE ADULTE,1.0,2024-02-26,4,5.49
5BB060012,BANDE DE CREPE  10 CM,1.0,2024-02-05,1,4.37
5BB060012,BANDE DE CREPE  10 CM,1.0,2024-02-12,2,4.9
5BB060012,BANDE DE CREPE  10 CM,1.0,2024-02-19,3,5.92
5BB060012,BANDE DE CREPE  10 CM,1.0,2024-02-26,4,4.79
5BB090017,BANDELETTE URINAIRE 10 PARAMETRES B/,1.0,2024-02-05,1,4.31
5BB090017,BANDELETTE URINAIRE 10 PARAMETRES B/,1.0,2024-02-12,2,4.48
5BB090017,BANDELETTE URINAIRE 10 PARAMETRES B/,1.0,2024-02-19,3,4.73
5BB090017,BANDELETTE URINAIRE 10 PARAMETRES B/,1.0,2024-02-26,4,4.81
5BB010101,SERINGUE 2.5ML,1.0,2024-02-05,1,5.03
5BB010101,SERINGUE 2.5ML,1.0,2024-02-12,2,5.07
5BB010101,SERINGUE 2.5ML,1.0,2024-02-19,3,6.74
5BB010101,SERINGUE 2.5ML,1.0,2024-02-26,4,4.97
5AD070020,FURILAN 20 MG SOLUTÉ INJ 20MG INJECTA (0,1.0,2024-02-05,1,4.0
5AD070020,FURILAN 20 MG SOLUTÉ INJ 20MG INJECTA (0,1.0,2024-02-12,2,3.97
5AD070020,FURILAN 20 MG SOLUTÉ INJ 20MG INJECTA (0,1.0,2024-02-19,3,4.6
5AD070020,FURILAN 20 MG SOLUTÉ INJ 20MG INJECTA (0,1.0,2024-02-26,4,4.5
5BB090109,LUNETTE A OXYGENE ADULTE,1.0,2024-02-05,1,4.65
5BB090109,LUNETTE A OXYGENE ADULTE,1.0,2024-02-12,2,4.54
5BB090109,LUNETTE A OXYGENE ADULTE,1.0,2024-02-19,3,4.96
5BB090109,LUNETTE A OXYGENE ADULTE,1.0,2024-02-26,4,4.42
5AD070005,ADRENALINE 1 MG AMPOULE  1MG INJECTA (10,1.0,2024-02-05,1,0.0
5AD070005,ADRENALINE 1 MG AMPOULE  1MG INJECTA (10,1.0,2024-02-12,2,3.2
5AD070005,ADRENALINE 1 MG AMPOULE  1MG INJECTA (10,1.0,2024-02-19,3,1.21
5AD070005,ADRENALINE 1 MG AMPOULE  1MG INJECTA (10,1.0,2024-02-26,4,3.91
5AD220021,GLUCOSE 5% SOLUTION POUR 5%Po500ml INJEC,1.0,2024-02-05,1,11.01
5AD220021,GLUCOSE 5% SOLUTION POUR 5%Po500ml INJEC,1.0,2024-02-12,2,15.5
5AD220021,GLUCOSE 5% SOLUTION POUR 5%Po500ml INJEC,1.0,2024-02-19,3,5.39
5AD220021,GLUCOSE 5% SOLUTION POUR 5%Po500ml INJEC,1.0,2024-02-26,4,9.89
5BB060001,ALESE 60X90CM,1.0,2024-02-05,1,2.69
5BB060001,ALESE 60X90CM,1.0,2024-02-12,2,2.75
5BB060001,ALESE 60X90CM,1.0,2024-02-19,3,3.12
5BB060001,ALESE 60X90CM,1.0,2024-02-26,4,2.79
5AD010052,SOLUMEDROL 120 MG/2ML INJECTABLE 1 FLACO,1.0,2024-02-05,1,3.72
5AD010052,SOLUMEDROL 120 MG/2ML INJECTABLE 1 FLACO,1.0,2024-02-12,2,3.65
5AD010052,SOLUMEDROL 120 MG/2ML INJECTABLE 1 FLACO,1.0,2024-02-19,3,3.31
5AD010052,SOLUMEDROL 120 MG/2ML INJECTABLE 1 FLACO,1.0,2024-02-26,4,3.24
5BB060144,PANSEMENT CUTICCELL CLASSIC 10X10CM,1.0,2024-02-05,1,5.77
5BB060144,PANSEMENT CUTICCELL CLASSIC 10X10CM,1.0,2024-02-12,2,5.48
5BB060144,PANSEMENT CUTICCELL CLASSIC 10X10CM,1.0,2024-02-19,3,6.03
5BB060144,PANSEMENT CUTICCELL CLASSIC 10X10CM,1.0,2024-02-26,4,4.69
5BB060107,SPARADRAP HYPO 20CMX10M,0.0,2024-02-05,1,14.38
5BB060107,SPARADRAP HYPO 20CMX10M,0.0,2024-02-12,2,14.05
5BB060107,SPARADRAP HYPO 20CMX10M,0.0,2024-02-19,3,15.34
5BB060107,SPARADRAP HYPO 20CMX10M,0.0,2024-02-26,4,17.57
5BB090290,GANT DE CHIR.STERILE EN LATEX T 08,1.0,2024-02-05,1,4.84
5BB090290,GANT DE CHIR.STERILE EN LATEX T 08,1.0,2024-02-12,2,5.38
5BB090290,GANT DE CHIR.STERILE EN LATEX T 08,1.0,2024-02-19,3,5.68
5BB090290,GANT DE CHIR.STERILE EN LATEX T 08,1.0,2024-02-26,4,5.87
5BB060070,COMPRESSE STERILE TISSE 7.5X7.5 PQT5,1.0,2024-02-05,1,19.12
5BB060070,COMPRESSE STERILE TISSE 7.5X7.5 PQT5,1.0,2024-02-12,2,20.4
5BB060070,COMPRESSE STERILE TISSE 7.5X7.5 PQT5,1.0,2024-02-19,3,17.26
5BB060070,COMPRESSE STERILE TISSE 7.5X7.5 PQT5,1.0,2024-02-26,4,14.49
5AB120006,PLAVIX 75 MG COMPRIMÉ  COMPRIM (28),1.0,2024-02-05,1,2.43
5AB120006,PLAVIX 75 MG COMPRIMÉ  COMPRIM (28),1.0,2024-02-12,2,2.47
5AB120006,PLAVIX 75 MG COMPRIMÉ  COMPRIM (28),1.0,2024-02-19,3,2.44
5AB120006,PLAVIX 75 MG COMPRIMÉ  COMPRIM (28),1.0,2024-02-26,4,2.37
5AD010038,MORPHINE SOTHEMA 10MG  INJECTA (10),1.0,2024-02-05,1,2.96
5AD010038,MORPHINE SOTHEMA 10MG  INJECTA (10),1.0,2024-02-12,2,2.64
5AD010038,MORPHINE SOTHEMA 10MG  INJECTA (10),1.0,2024-02-19,3,2.92
5AD010038,MORPHINE SOTHEMA 10MG  INJECTA (10),1.0,2024-02-26,4,3.31
5BB030048,MASQUE NEBULISEUR ADULTE,1.0,2024-02-05,1,4.51
5BB030048,MASQUE NEBULISEUR ADULTE,1.0,2024-02-12,2,5.52
5BB030048,MASQUE NEBULISEUR ADULTE,1.0,2024-02-19,3,5.54
5BB030048,MASQUE NEBULISEUR ADULTE,1.0,2024-02-26,4,5.01
5BB030049,MASQUE NEBULISEUR ENFANT,1.0,2024-02-05,1,5.31
5BB030049,MASQUE NEBULISEUR ENFANT,1.0,2024-02-12,2,5.76
5BB030049,MASQUE NEBULISEUR ENFANT,1.0,2024-02-19,3,6.99
5BB030049,MASQUE NEBULISEUR ENFANT,1.0,2024-02-26,4,6.08
5AD020080,TRICEF 1G/10ML INJECT  INJECTA (01),1.0,2024-02-05,1,4.41
5AD020080,TRICEF 1G/10ML INJECT  INJECTA (01),1.0,2024-02-12,2,4.39
5AD020080,TRICEF 1G/10ML INJECT  INJECTA (01),1.0,2024-02-19,3,5.3
5AD020080,TRICEF 1G/10ML INJECT  INJECTA (01),1.0,2024-02-26,4,4.71
5BB140037,TUBE CITRATE 1.8ML,0.0,2024-02-05,1,13.28
5BB140037,TUBE CITRATE 1.8ML,0.0,2024-02-12,2,13.25
5BB140037,TUBE CITRATE 1.8ML,0.0,2024-02-19,3,14.6
5BB140037,TUBE CITRATE 1.8ML,0.0,2024-02-26,4,13.94
5AD020110,METRONIDAZOLE 5MG -ML  INJECTA (01),1.0,2024-02-05,1,3.74
5AD020110,METRONIDAZOLE 5MG -ML  INJECTA (01),1.0,2024-02-12,2,3.97
5AD020110,METRONIDAZOLE 5MG -ML  INJECTA (01),1.0,2024-02-19,3,3.97
5AD020110,METRONIDAZOLE 5MG -ML  INJECTA (01),1.0,2024-02-26,4,3.59
5BB010108,SERINGUE FILTAGE 50/60ML,1.0,2024-02-05,1,6.06
5BB010108,SERINGUE FILTAGE 50/60ML,1.0,2024-02-12,2,5.96
5BB010108,SERINGUE FILTAGE 50/60ML,1.0,2024-02-19,3,7.84
5BB010108,SERINGUE FILTAGE 50/60ML,1.0,2024-02-26,4,6.95
5AD010048,PROFENID 100 MG /2ML SOL 100MG/2ML INJEC,1.0,2024-02-05,1,1.73
5AD010048,PROFENID 100 MG /2ML SOL 100MG/2ML INJEC,1.0,2024-02-12,2,1.91
5AD010048,PROFENID 100 MG /2ML SOL 100MG/2ML INJEC,1.0,2024-02-19,3,1.78
5AD010048,PROFENID 100 MG /2ML SOL 100MG/2ML INJEC,1.0,2024-02-26,4,1.68
5BB060089,ELASTOPLASTE TENSOPLSTE 2.5X15CM,0.0,2024-02-05,1,17.25
5BB060089,ELASTOPLASTE TENSOPLSTE 2.5X15CM,0.0,2024-02-12,2,16.12
5BB060089,ELASTOPLASTE TENSOPLSTE 2.5X15CM,0.0,2024-02-19,3,15.84
5BB060089,ELASTOPLASTE TENSOPLSTE 2.5X15CM,0.0,2024-02-26,4,12.85
5AD010010,COLTRAX 4 MG / 2 ML B  INJECTA (06),1.0,2024-02-05,1,6.37
5AD010010,COLTRAX 4 MG / 2 ML B  INJECTA (06),1.0,2024-02-12,2,9.69
5AD010010,COLTRAX 4 MG / 2 ML B  INJECTA (06),1.0,2024-02-19,3,13.27
5AD010010,COLTRAX 4 MG / 2 ML B  INJECTA (06),1.0,2024-02-26,4,11.3
5AB010134,ASPEGIC NOUR 100MG SACHE 100MG SACHET (2,1.0,2024-02-05,1,1.21
5AB010134,ASPEGIC NOUR 100MG SACHE 100MG SACHET (2,1.0,2024-02-12,2,9.08
5AB010134,ASPEGIC NOUR 100MG SACHE 100MG SACHET (2,1.0,2024-02-19,3,2.1
5AB010134,ASPEGIC NOUR 100MG SACHE 100MG SACHET (2,1.0,2024-02-26,4,3.74
5BB060025,BANDE DE RESINE  10X3.6M,1.0,2024-02-05,1,4.76
5BB060025,BANDE DE RESINE  10X3.6M,1.0,2024-02-12,2,4.93
5BB060025,BANDE DE RESINE  10X3.6M,1.0,2024-02-19,3,5.57
5BB060025,BANDE DE RESINE  10X3.6M,1.0,2024-02-26,4,5.16
5BB090134,PROLONGATEUR  EN PVC 1.5MMX1.50,1.0,2024-02-05,1,4.64
5BB090134,PROLONGATEUR  EN PVC 1.5MMX1.50,1.0,2024-02-12,2,4.84
5BB090134,PROLONGATEUR  EN PVC 1.5MMX1.50,1.0,2024-02-19,3,5.12
5BB090134,PROLONGATEUR  EN PVC 1.5MMX1.50,1.0,2024-02-26,4,5.22
5BB030042,MASQUE A O2 HAUT CONCENTRATION AD,1.0,2024-02-05,1,4.21
5BB030042,MASQUE A O2 HAUT CONCENTRATION AD,1.0,2024-02-12,2,4.06
5BB030042,MASQUE A O2 HAUT CONCENTRATION AD,1.0,2024-02-19,3,4.69
5BB030042,MASQUE A O2 HAUT CONCENTRATION AD,1.0,2024-02-26,4,4.61
5BB020013,SONDE FOLEY  LATEX CH14,1.0,2024-02-05,1,4.31
5BB020013,SONDE FOLEY  LATEX CH14,1.0,2024-02-12,2,4.51
5BB020013,SONDE FOLEY  LATEX CH14,1.0,2024-02-19,3,4.58
5BB020013,SONDE FOLEY  LATEX CH14,1.0,2024-02-26,4,4.37
5BB090036,BRACELET D'IDENTIFICATION ADULTE,1.0,2024-02-05,1,3.22
5BB090036,BRACELET D'IDENTIFICATION ADULTE,1.0,2024-02-12,2,3.8
5BB090036,BRACELET D'IDENTIFICATION ADULTE,1.0,2024-02-19,3,4.25
5BB090036,BRACELET D'IDENTIFICATION ADULTE,1.0,2024-02-26,4,3.92
5BB060088,ELASTOPLASTE TENSOPLSTE 2.5X10CM,0.0,2024-02-05,1,11.68
5BB060088,ELASTOPLASTE TENSOPLSTE 2.5X10CM,0.0,2024-02-12,2,12.27
5BB060088,ELASTOPLASTE TENSOPLSTE 2.5X10CM,0.0,2024-02-19,3,8.02
5BB060088,ELASTOPLASTE TENSOPLSTE 2.5X10CM,0.0,2024-02-26,4,8.78
5BB060026,BANDE DE RESINE  5X3.6M,1.0,2024-02-05,1,4.17
5BB060026,BANDE DE RESINE  5X3.6M,1.0,2024-02-12,2,5.94
5BB060026,BANDE DE RESINE  5X3.6M,1.0,2024-02-19,3,5.11
5BB060026,BANDE DE RESINE  5X3.6M,1.0,2024-02-26,4,5.39
5BB060021,BANDE DE PROTECTION 10CM,1.0,2024-02-05,1,3.1
5BB060021,BANDE DE PROTECTION 10CM,1.0,2024-02-12,2,3.07
5BB060021,BANDE DE PROTECTION 10CM,1.0,2024-02-19,3,3.13
5BB060021,BANDE DE PROTECTION 10CM,1.0,2024-02-26,4,3.36
5AD160067,ONDANSETRON GT 8 MG/4ML  8MG/4ML INJECTA,1.0,2024-02-05,1,1.87
5AD160067,ONDANSETRON GT 8 MG/4ML  8MG/4ML INJECTA,1.0,2024-02-12,2,2.45
5AD160067,ONDANSETRON GT 8 MG/4ML  8MG/4ML INJECTA,1.0,2024-02-19,3,2.65
5AD160067,ONDANSETRON GT 8 MG/4ML  8MG/4ML INJECTA,1.0,2024-02-26,4,2.47
5BB070427,LAME DE BISTOURI N°24,1.0,2024-02-05,1,2.4
5BB070427,LAME DE BISTOURI N°24,1.0,2024-02-12,2,2.18
5BB070427,LAME DE BISTOURI N°24,1.0,2024-02-19,3,2.74
5BB070427,LAME DE BISTOURI N°24,1.0,2024-02-26,4,2.63
5BB060015,BANDE DE CREPE 15CM,1.0,2024-02-05,1,5.08
5BB060015,BANDE DE CREPE 15CM,1.0,2024-02-12,2,4.98
5BB060015,BANDE DE CREPE 15CM,1.0,2024-02-19,3,4.89
5BB060015,BANDE DE CREPE 15CM,1.0,2024-02-26,4,4.51
5BB090293,GANT DE CHIR.STERILE EN LATEX T 07,1.0,2024-02-05,1,1.84
5BB090293,GANT DE CHIR.STERILE EN LATEX T 07,1.0,2024-02-12,2,2.5
5BB090293,GANT DE CHIR.STERILE EN LATEX T 07,1.0,2024-02-19,3,2.59
5BB090293,GANT DE CHIR.STERILE EN LATEX T 07,1.0,2024-02-26,4,2.79
5BB020004,POCHE  A URINE BEBE,1.0,2024-02-05,1,1.45
5BB020004,POCHE  A URINE BEBE,1.0,2024-02-12,2,1.28
5BB020004,POCHE  A URINE BEBE,1.0,2024-02-19,3,1.59
5BB020004,POCHE  A URINE BEBE,1.0,2024-02-26,4,1.31
5AD070025,NICARDIPINE AGUETTANT 10 10MG INJECTA (1,1.0,2024-02-05,1,1.86
5AD070025,NICARDIPINE AGUETTANT 10 10MG INJECTA (1,1.0,2024-02-12,2,1.78
5AD070025,NICARDIPINE AGUETTANT 10 10MG INJECTA (1,1.0,2024-02-19,3,2.1
5AD070025,NICARDIPINE AGUETTANT 10 10MG INJECTA (1,1.0,2024-02-26,4,1.71
5AD010077,METHYLPREDNISOLONE 12 120MG INJECTA (20),1.0,2024-02-05,1,3.65
5AD010077,METHYLPREDNISOLONE 12 120MG INJECTA (20),1.0,2024-02-12,2,4.29
5AD010077,METHYLPREDNISOLONE 12 120MG INJECTA (20),1.0,2024-02-19,3,4.54
5AD010077,METHYLPREDNISOLONE 12 120MG INJECTA (20),1.0,2024-02-26,4,4.19
5AD070013,CORDARONE 150MG/3ML S 150MG/3ML INJECTA,1.0,2024-02-05,1,2.3
5AD070013,CORDARONE 150MG/3ML S 150MG/3ML INJECTA,1.0,2024-02-12,2,5.95
5AD070013,CORDARONE 150MG/3ML S 150MG/3ML INJECTA,1.0,2024-02-19,3,5.57
5AD070013,CORDARONE 150MG/3ML S 150MG/3ML INJECTA,1.0,2024-02-26,4,5.81
5AA080062,ALCOOL 70° DEZENFEKT SPR 70° SPRAY (01),1.0,2024-02-05,1,1.94
5AA080062,ALCOOL 70° DEZENFEKT SPR 70° SPRAY (01),1.0,2024-02-12,2,2.08
5AA080062,ALCOOL 70° DEZENFEKT SPR 70° SPRAY (01),1.0,2024-02-19,3,2.22
5AA080062,ALCOOL 70° DEZENFEKT SPR 70° SPRAY (01),1.0,2024-02-26,4,2.15
5BB020014,SONDE FOLEY  LATEX CH16,1.0,2024-02-05,1,2.49
5BB020014,SONDE FOLEY  LATEX CH16,1.0,2024-02-12,2,2.69
5BB020014,SONDE FOLEY  LATEX CH16,1.0,2024-02-19,3,3.21
5BB020014,SONDE FOLEY  LATEX CH16,1.0,2024-02-26,4,2.7
5AD070021,LASILIX 20MG/2ML SOLU 20MG/2ML INJECTA (,1.0,2024-02-05,1,2.41
5AD070021,LASILIX 20MG/2ML SOLU 20MG/2ML INJECTA (,1.0,2024-02-12,2,2.56
5AD070021,LASILIX 20MG/2ML SOLU 20MG/2ML INJECTA (,1.0,2024-02-19,3,2.95
5AD070021,LASILIX 20MG/2ML SOLU 20MG/2ML INJECTA (,1.0,2024-02-26,4,3.13
5BB090178,THERMOMETRE SANS MERCURE A AFFICHAGE,1.0,2024-02-05,1,2.16
5BB090178,THERMOMETRE SANS MERCURE A AFFICHAGE,1.0,2024-02-12,2,2.54
5BB090178,THERMOMETRE SANS MERCURE A AFFICHAGE,1.0,2024-02-19,3,3.11
5BB090178,THERMOMETRE SANS MERCURE A AFFICHAGE,1.0,2024-02-26,4,3.03
5AD140001,ACTRAPID HM 100 UI/ML SO 100UI/ML INJECT,1.0,2024-02-05,1,1.72
5AD140001,ACTRAPID HM 100 UI/ML SO 100UI/ML INJECT,1.0,2024-02-12,2,1.54
5AD140001,ACTRAPID HM 100 UI/ML SO 100UI/ML INJECT,1.0,2024-02-19,3,2.02
5AD140001,ACTRAPID HM 100 UI/ML SO 100UI/ML INJECT,1.0,2024-02-26,4,1.63
5AA190003,VENTOLINE NEB 50MG/10 50MG/10ML Nébulis,1.0,2024-02-05,1,1.76
5AA190003,VENTOLINE NEB 50MG/10 50MG/10ML Nébulis,1.0,2024-02-12,2,1.17
5AA190003,VENTOLINE NEB 50MG/10 50MG/10ML Nébulis,1.0,2024-02-19,3,1.44
5AA190003,VENTOLINE NEB 50MG/10 50MG/10ML Nébulis,1.0,2024-02-26,4,1.15
5BB060027,BANDE DE RESINE  7.5X3.6M,1.0,2024-02-05,1,2.61
5BB060027,BANDE DE RESINE  7.5X3.6M,1.0,2024-02-12,2,2.95
5BB060027,BANDE DE RESINE  7.5X3.6M,1.0,2024-02-19,3,3.58
5BB060027,BANDE DE RESINE  7.5X3.6M,1.0,2024-02-26,4,3.48
5BB090111,LUNETTE A OXYGENE PEDIA,1.0,2024-02-05,1,2.27
5BB090111,LUNETTE A OXYGENE PEDIA,1.0,2024-02-12,2,2.72
5BB090111,LUNETTE A OXYGENE PEDIA,1.0,2024-02-19,3,3.72
5BB090111,LUNETTE A OXYGENE PEDIA,1.0,2024-02-26,4,3.66
5AD010054,SOLUMEDROL 40 MG/2ML   INJECTA (01),1.0,2024-02-05,1,1.53
5AD010054,SOLUMEDROL 40 MG/2ML   INJECTA (01),1.0,2024-02-12,2,1.51
5AD010054,SOLUMEDROL 40 MG/2ML   INJECTA (01),1.0,2024-02-19,3,1.56
5AD010054,SOLUMEDROL 40 MG/2ML   INJECTA (01),1.0,2024-02-26,4,1.47
5ad020105,UNKNOWN,1.0,2024-02-05,1,6.25
5ad020105,UNKNOWN,1.0,2024-02-12,2,6.13
5ad020105,UNKNOWN,1.0,2024-02-19,3,6.64
5ad020105,UNKNOWN,1.0,2024-02-26,4,6.66
5AD020025,GENTAMYCINE LLORENTE   INJECTA (06),1.0,2024-02-05,1,3.62
5AD020025,GENTAMYCINE LLORENTE   INJECTA (06),1.0,2024-02-12,2,4.63
5AD020025,GENTAMYCINE LLORENTE   INJECTA (06),1.0,2024-02-19,3,5.72
5AD020025,GENTAMYCINE LLORENTE   INJECTA (06),1.0,2024-02-26,4,2.81
5BB010015,AIGUILLE EPICRANIENNE  G25,1.0,2024-02-05,1,1.34
5BB010015,AIGUILLE EPICRANIENNE  G25,1.0,2024-02-12,2,0.96
5BB010015,AIGUILLE EPICRANIENNE  G25,1.0,2024-02-19,3,1.2
5BB010015,AIGUILLE EPICRANIENNE  G25,1.0,2024-02-26,4,1.01
5BB090319,ETUI PENIEN L,1.0,2024-02-05,1,1.5
5BB090319,ETUI PENIEN L,1.0,2024-02-12,2,1.68
5BB090319,ETUI PENIEN L,1.0,2024-02-19,3,1.99
5BB090319,ETUI PENIEN L,1.0,2024-02-26,4,1.69
5AD020105,CIPROFLOXACINE NORMON  POCHE (50),1.0,2024-02-05,1,3.15
5AD020105,CIPROFLOXACINE NORMON  POCHE (50),1.0,2024-02-12,2,4.15
5AD020105,CIPROFLOXACINE NORMON  POCHE (50),1.0,2024-02-19,3,4.32
5AD020105,CIPROFLOXACINE NORMON  POCHE (50),1.0,2024-02-26,4,4.08
T00686,METRONIDAZOLE 500MG NORMON  INJECTA (50),1.0,2024-02-05,1,1.95
T00686,METRONIDAZOLE 500MG NORMON  INJECTA (50),1.0,2024-02-12,2,2.5
T00686,METRONIDAZOLE 500MG NORMON  INJECTA (50),1.0,2024-02-19,3,2.2
T00686,METRONIDAZOLE 500MG NORMON  INJECTA (50),1.0,2024-02-26,4,2.38
5BB060023,BANDE DE PROTECTION 5CM,1.0,2024-02-05,1,2.26
5BB060023,BANDE DE PROTECTION 5CM,1.0,2024-02-12,2,2.6
5BB060023,BANDE DE PROTECTION 5CM,1.0,2024-02-19,3,2.41
5BB060023,BANDE DE PROTECTION 5CM,1.0,2024-02-26,4,2.27
5BB080013,ETHILON 5/0 CT 3/8 16MM PROM,1.0,2024-02-05,1,1.65
5BB080013,ETHILON 5/0 CT 3/8 16MM PROM,1.0,2024-02-12,2,1.24
5BB080013,ETHILON 5/0 CT 3/8 16MM PROM,1.0,2024-02-19,3,1.31
5BB080013,ETHILON 5/0 CT 3/8 16MM PROM,1.0,2024-02-26,4,1.04
5BB010109,SERINGUE GAVAGE 50/60 ML,1.0,2024-02-05,1,2.64
5BB010109,SERINGUE GAVAGE 50/60 ML,1.0,2024-02-12,2,2.56
5BB010109,SERINGUE GAVAGE 50/60 ML,1.0,2024-02-19,3,2.6
5BB010109,SERINGUE GAVAGE 50/60 ML,1.0,2024-02-26,4,2.57
5BB140009,FLACON DE PRELEVEMENT P.SELLE 100ML,1.0,2024-02-05,1,1.18
5BB140009,FLACON DE PRELEVEMENT P.SELLE 100ML,1.0,2024-02-12,2,0.95
5BB140009,FLACON DE PRELEVEMENT P.SELLE 100ML,1.0,2024-02-19,3,1.03
5BB140009,FLACON DE PRELEVEMENT P.SELLE 100ML,1.0,2024-02-26,4,1.05
5BB060022,BANDE DE PROTECTION 15CM,1.0,2024-02-05,1,2.1
5BB060022,BANDE DE PROTECTION 15CM,1.0,2024-02-12,2,1.43
5BB060022,BANDE DE PROTECTION 15CM,1.0,2024-02-19,3,1.82
5BB060022,BANDE DE PROTECTION 15CM,1.0,2024-02-26,4,1.7
5BB060064,COMPRESSE STERILE RX TISSE 10X10 PQT,1.0,2024-02-05,1,5.88
5BB060064,COMPRESSE STERILE RX TISSE 10X10 PQT,1.0,2024-02-12,2,6.33
5BB060064,COMPRESSE STERILE RX TISSE 10X10 PQT,1.0,2024-02-19,3,7.32
5BB060064,COMPRESSE STERILE RX TISSE 10X10 PQT,1.0,2024-02-26,4,6.35
5BB070429,LAME DE BISTOURI N°15,1.0,2024-02-05,1,1.98
5BB070429,LAME DE BISTOURI N°15,1.0,2024-02-12,2,1.81
5BB070429,LAME DE BISTOURI N°15,1.0,2024-02-19,3,2.23
5BB070429,LAME DE BISTOURI N°15,1.0,2024-02-26,4,2.21
5AD250007,SAT SERUM ANTI TETANI  INJECTA (01),1.0,2024-02-05,1,1.11
5AD250007,SAT SERUM ANTI TETANI  INJECTA (01),1.0,2024-02-12,2,1.19
5AD250007,SAT SERUM ANTI TETANI  INJECTA (01),1.0,2024-02-19,3,1.09
5AD250007,SAT SERUM ANTI TETANI  INJECTA (01),1.0,2024-02-26,4,0.97
5BB060028,BANDE DE RESINE 12.5X3.6M,1.0,2024-02-05,1,3.17
5BB060028,BANDE DE RESINE 12.5X3.6M,1.0,2024-02-12,2,3.58
5BB060028,BANDE DE RESINE 12.5X3.6M,1.0,2024-02-19,3,4.3
5BB060028,BANDE DE RESINE 12.5X3.6M,1.0,2024-02-26,4,3.72
5BB060053,CHAMP TROUE 50X60,1.0,2024-02-05,1,2.03
5BB060053,CHAMP TROUE 50X60,1.0,2024-02-12,2,1.97
5BB060053,CHAMP TROUE 50X60,1.0,2024-02-19,3,2.08
5BB060053,CHAMP TROUE 50X60,1.0,2024-02-26,4,1.93
5BB090049,CART.CG4,1.0,2024-02-05,1,2.18
5BB090049,CART.CG4,1.0,2024-02-12,2,2.11
5BB090049,CART.CG4,1.0,2024-02-19,3,2.45
5BB090049,CART.CG4,1.0,2024-02-26,4,2.6
5AD010093,METHYLPREDNISOLONE 40 40MG INJECTA (20),1.0,2024-02-05,1,1.86
5AD010093,METHYLPREDNISOLONE 40 40MG INJECTA (20),1.0,2024-02-12,2,1.83
5AD010093,METHYLPREDNISOLONE 40 40MG INJECTA (20),1.0,2024-02-19,3,1.79
5AD010093,METHYLPREDNISOLONE 40 40MG INJECTA (20),1.0,2024-02-26,4,1.7
5BB060013,BANDE DE CREPE  20 CM,1.0,2024-02-05,1,2.56
5BB060013,BANDE DE CREPE  20 CM,1.0,2024-02-12,2,3.33
5BB060013,BANDE DE CREPE  20 CM,1.0,2024-02-19,3,3.84
5BB060013,BANDE DE CREPE  20 CM,1.0,2024-02-26,4,3.46
5BB060115,SPARADRAP TEGADERM 3M 10X12CM,1.0,2024-02-05,1,1.6
5BB060115,SPARADRAP TEGADERM 3M 10X12CM,1.0,2024-02-12,2,1.72
5BB060115,SPARADRAP TEGADERM 3M 10X12CM,1.0,2024-02-19,3,1.64
5BB060115,SPARADRAP TEGADERM 3M 10X12CM,1.0,2024-02-26,4,1.38
5BB090049,CART.CG4,1.0,2024-02-05,1,2.18
5BB090049,CART.CG4,1.0,2024-02-12,2,2.11
5BB090049,CART.CG4,1.0,2024-02-19,3,2.45
5BB090049,CART.CG4,1.0,2024-02-26,4,2.6
5BB060017,BANDE DE GAZE 10CM,1.0,2024-02-05,1,1.82
5BB060017,BANDE DE GAZE 10CM,1.0,2024-02-12,2,2.3
5BB060017,BANDE DE GAZE 10CM,1.0,2024-02-19,3,2.51
5BB060017,BANDE DE GAZE 10CM,1.0,2024-02-26,4,2.6
5BB060024,BANDE DE PROTECTION 7.5CM,1.0,2024-02-05,1,1.74
5BB060024,BANDE DE PROTECTION 7.5CM,1.0,2024-02-12,2,2.32
5BB060024,BANDE DE PROTECTION 7.5CM,1.0,2024-02-19,3,2.56
5BB060024,BANDE DE PROTECTION 7.5CM,1.0,2024-02-26,4,2.56
5AD220011,CHLORURE SODIUM 100ML  INJECTA (01),1.0,2024-02-05,1,2.3
5AD220011,CHLORURE SODIUM 100ML  INJECTA (01),1.0,2024-02-12,2,2.59
5AD220011,CHLORURE SODIUM 100ML  INJECTA (01),1.0,2024-02-19,3,2.73
5AD220011,CHLORURE SODIUM 100ML  INJECTA (01),1.0,2024-02-26,4,2.48
5BB060020,BANDE DE GAZE 5CM,1.0,2024-02-05,1,1.92
5BB060020,BANDE DE GAZE 5CM,1.0,2024-02-12,2,1.72
5BB060020,BANDE DE GAZE 5CM,1.0,2024-02-19,3,1.48
5BB060020,BANDE DE GAZE 5CM,1.0,2024-02-26,4,1.18
5BB010103,UNKNOWN,1.0,2024-02-05,1,1.45
5BB010103,UNKNOWN,1.0,2024-02-12,2,1.43
5BB010103,UNKNOWN,1.0,2024-02-19,3,1.61
5BB010103,UNKNOWN,1.0,2024-02-26,4,1.14
5BB060018,BANDE DE GAZE 15CM,1.0,2024-02-05,1,1.76
5BB060018,BANDE DE GAZE 15CM,1.0,2024-02-12,2,1.63
5BB060018,BANDE DE GAZE 15CM,1.0,2024-02-19,3,2.03
5BB060018,BANDE DE GAZE 15CM,1.0,2024-02-26,4,1.94
5BB060112,SPARADRAP PREDECOUPE CLASSIC,1.0,2024-02-05,1,5.21
5BB060112,SPARADRAP PREDECOUPE CLASSIC,1.0,2024-02-12,2,5.21
5BB060112,SPARADRAP PREDECOUPE CLASSIC,1.0,2024-02-19,3,4.64
5BB060112,SPARADRAP PREDECOUPE CLASSIC,1.0,2024-02-26,4,5.44
5BB010013,AIGUILLE DE PRELEVEMENT 22G25M,1.0,2024-02-05,1,1.47
5BB010013,AIGUILLE DE PRELEVEMENT 22G25M,1.0,2024-02-12,2,1.43
5BB010013,AIGUILLE DE PRELEVEMENT 22G25M,1.0,2024-02-19,3,1.65
5BB010013,AIGUILLE DE PRELEVEMENT 22G25M,1.0,2024-02-26,4,1.55
5AD120027,UNKNOWN,1.0,2024-02-05,1,2.46
5AD120027,UNKNOWN,1.0,2024-02-12,2,2.89
5AD120027,UNKNOWN,1.0,2024-02-19,3,3.24
5AD120027,UNKNOWN,1.0,2024-02-26,4,3.0
5BB070126,FILTRE ANTIBACTERIEN  ADULTE,1.0,2024-02-05,1,1.87
5BB070126,FILTRE ANTIBACTERIEN  ADULTE,1.0,2024-02-12,2,2.04
5BB070126,FILTRE ANTIBACTERIEN  ADULTE,1.0,2024-02-19,3,2.33
5BB070126,FILTRE ANTIBACTERIEN  ADULTE,1.0,2024-02-26,4,1.88
5BB080011,ETHILON 4/0CT 3/8 16MM,1.0,2024-02-05,1,1.67
5BB080011,ETHILON 4/0CT 3/8 16MM,1.0,2024-02-12,2,1.52
5BB080011,ETHILON 4/0CT 3/8 16MM,1.0,2024-02-19,3,1.64
5BB080011,ETHILON 4/0CT 3/8 16MM,1.0,2024-02-26,4,1.45
5BB030064,SONDE D'ASPIRATION PVC  CH.14,1.0,2024-02-05,1,1.63
5BB030064,SONDE D'ASPIRATION PVC  CH.14,1.0,2024-02-12,2,1.92
5BB030064,SONDE D'ASPIRATION PVC  CH.14,1.0,2024-02-19,3,2.58
5BB030064,SONDE D'ASPIRATION PVC  CH.14,1.0,2024-02-26,4,2.51
5AD120055,HEPARINE SOLUDIA 5000  INJECTA (25),1.0,2024-02-05,1,1.05
5AD120055,HEPARINE SOLUDIA 5000  INJECTA (25),1.0,2024-02-12,2,1.26
5AD120055,HEPARINE SOLUDIA 5000  INJECTA (25),1.0,2024-02-19,3,1.02
5AD120055,HEPARINE SOLUDIA 5000  INJECTA (25),1.0,2024-02-26,4,0.98
5BB030067,SONDE D'ASPIRATION PVC  CH6,1.0,2024-02-05,1,1.52
5BB030067,SONDE D'ASPIRATION PVC  CH6,1.0,2024-02-12,2,1.18
5BB030067,SONDE D'ASPIRATION PVC  CH6,1.0,2024-02-19,3,1.45
5BB030067,SONDE D'ASPIRATION PVC  CH6,1.0,2024-02-26,4,1.44
5BB060075,COUCHE 1ER AGE,1.0,2024-02-05,1,2.11
5BB060075,COUCHE 1ER AGE,1.0,2024-02-12,2,2.31
5BB060075,COUCHE 1ER AGE,1.0,2024-02-19,3,2.41
5BB060075,COUCHE 1ER AGE,1.0,2024-02-26,4,2.71
5BB140062,UNKNOWN,1.0,2024-02-05,1,2.57
5BB140062,UNKNOWN,1.0,2024-02-12,2,2.89
5BB140062,UNKNOWN,1.0,2024-02-19,3,2.84
5BB140062,UNKNOWN,1.0,2024-02-26,4,2.97
5AD010023,FENTANYL JANSSEN 500  500 µG/10 INJECTA,1.0,2024-02-05,1,2.52
5AD010023,FENTANYL JANSSEN 500  500 µG/10 INJECTA,1.0,2024-02-12,2,3.0
5AD010023,FENTANYL JANSSEN 500  500 µG/10 INJECTA,1.0,2024-02-19,3,2.81
5AD010023,FENTANYL JANSSEN 500  500 µG/10 INJECTA,1.0,2024-02-26,4,3.09
5BB090035,BRACELET  NOUVEAU-NE,1.0,2024-02-05,1,1.06
5BB090035,BRACELET  NOUVEAU-NE,1.0,2024-02-12,2,1.02
5BB090035,BRACELET  NOUVEAU-NE,1.0,2024-02-19,3,1.04
5BB090035,BRACELET  NOUVEAU-NE,1.0,2024-02-26,4,1.0
5BB060077,COUCHES ADULTE L,1.0,2024-02-05,1,1.95
5BB060077,COUCHES ADULTE L,1.0,2024-02-12,2,1.83
5BB060077,COUCHES ADULTE L,1.0,2024-02-19,3,2.0
5BB060077,COUCHES ADULTE L,1.0,2024-02-26,4,1.91
5BB090225,CART.CG8,1.0,2024-02-05,1,1.39
5BB090225,CART.CG8,1.0,2024-02-12,2,1.73
5BB090225,CART.CG8,1.0,2024-02-19,3,1.5
5BB090225,CART.CG8,1.0,2024-02-26,4,1.33
5BB010177,CATHETER VOIE CENTRALE TRI-LUMIERE A,1.0,2024-02-05,1,1.59
5BB010177,CATHETER VOIE CENTRALE TRI-LUMIERE A,1.0,2024-02-12,2,1.49
5BB010177,CATHETER VOIE CENTRALE TRI-LUMIERE A,1.0,2024-02-19,3,1.71
5BB010177,CATHETER VOIE CENTRALE TRI-LUMIERE A,1.0,2024-02-26,4,1.87
5AD150002,DIAPHARM 10MG/2ML AMP  INJECTA (05),1.0,2024-02-05,1,1.34
5AD150002,DIAPHARM 10MG/2ML AMP  INJECTA (05),1.0,2024-02-12,2,0.95
5AD150002,DIAPHARM 10MG/2ML AMP  INJECTA (05),1.0,2024-02-19,3,1.27
5AD150002,DIAPHARM 10MG/2ML AMP  INJECTA (05),1.0,2024-02-26,4,1.23
5BB010099,ROBINET 3 VOIES,1.0,2024-02-05,1,1.64
5BB010099,ROBINET 3 VOIES,1.0,2024-02-12,2,1.6
5BB010099,ROBINET 3 VOIES,1.0,2024-02-19,3,1.62
5BB010099,ROBINET 3 VOIES,1.0,2024-02-26,4,1.82
5AA010037,ROCURONIUM SP PH 50MG 50MG INJECTA (10),1.0,2024-02-05,1,1.97
5AA010037,ROCURONIUM SP PH 50MG 50MG INJECTA (10),1.0,2024-02-12,2,2.4
5AA010037,ROCURONIUM SP PH 50MG 50MG INJECTA (10),1.0,2024-02-19,3,2.16
5AA010037,ROCURONIUM SP PH 50MG 50MG INJECTA (10),1.0,2024-02-26,4,2.4
5BB040043,SONDE GASTRIQUE CH16,1.0,2024-02-05,1,1.51
5BB040043,SONDE GASTRIQUE CH16,1.0,2024-02-12,2,1.62
5BB040043,SONDE GASTRIQUE CH16,1.0,2024-02-19,3,2.17
5BB040043,SONDE GASTRIQUE CH16,1.0,2024-02-26,4,2.59
T00151,TAMPON ALCOLISE LINGETTE P. EC,1.0,2024-02-05,1,1.57
T00151,TAMPON ALCOLISE LINGETTE P. EC,1.0,2024-02-12,2,1.38
T00151,TAMPON ALCOLISE LINGETTE P. EC,1.0,2024-02-19,3,1.44
T00151,TAMPON ALCOLISE LINGETTE P. EC,1.0,2024-02-26,4,1.01
5BB030043,MASQUE A O2 HAUT CONCENTRATION ENF,1.0,2024-02-05,1,1.49
5BB030043,MASQUE A O2 HAUT CONCENTRATION ENF,1.0,2024-02-12,2,1.35
5BB030043,MASQUE A O2 HAUT CONCENTRATION ENF,1.0,2024-02-19,3,1.2
5BB030043,MASQUE A O2 HAUT CONCENTRATION ENF,1.0,2024-02-26,4,1.53
5BB060029,BANDE JERSEY   5MX05,1.0,2024-02-05,1,1.49
5BB060029,BANDE JERSEY   5MX05,1.0,2024-02-12,2,0.93
5BB060029,BANDE JERSEY   5MX05,1.0,2024-02-19,3,1.11
5BB060029,BANDE JERSEY   5MX05,1.0,2024-02-26,4,0.96
5BB120034,SOLUTION  HYDROALCOOLIQUE 5L,0.0,2024-02-05,1,0.92
5BB120034,SOLUTION  HYDROALCOOLIQUE 5L,0.0,2024-02-12,2,0.93
5BB120034,SOLUTION  HYDROALCOOLIQUE 5L,0.0,2024-02-19,3,0.98
5BB120034,SOLUTION  HYDROALCOOLIQUE 5L,0.0,2024-02-26,4,0.94
5BB060030,BANDE JERSEY   5MX10,1.0,2024-02-05,1,1.62
5BB060030,BANDE JERSEY   5MX10,1.0,2024-02-12,2,1.08
5BB060030,BANDE JERSEY   5MX10,1.0,2024-02-19,3,1.18
5BB060030,BANDE JERSEY   5MX10,1.0,2024-02-26,4,0.96
5AD220017,GLUCOSE 10% SOLUTION   SOLUTIO (01),1.0,2024-02-05,1,2.12
5AD220017,GLUCOSE 10% SOLUTION   SOLUTIO (01),1.0,2024-02-12,2,2.22
5AD220017,GLUCOSE 10% SOLUTION   SOLUTIO (01),1.0,2024-02-19,3,2.18
5AD220017,GLUCOSE 10% SOLUTION   SOLUTIO (01),1.0,2024-02-26,4,2.89
5AD120072,NOVEX 4000 UI ANTIXA/  INJECTA (02),1.0,2024-02-05,1,1.6
5AD120072,NOVEX 4000 UI ANTIXA/  INJECTA (02),1.0,2024-02-12,2,1.36
5AD120072,NOVEX 4000 UI ANTIXA/  INJECTA (02),1.0,2024-02-19,3,1.46
5AD120072,NOVEX 4000 UI ANTIXA/  INJECTA (02),1.0,2024-02-26,4,1.28
5BB020012,SONDE FOLEY  LATEX CH12,1.0,2024-02-05,1,1.51
5BB020012,SONDE FOLEY  LATEX CH12,1.0,2024-02-12,2,1.41
5BB020012,SONDE FOLEY  LATEX CH12,1.0,2024-02-19,3,1.64
5BB020012,SONDE FOLEY  LATEX CH12,1.0,2024-02-26,4,1.15
5BB080222,VICRYL RAPIDE 3/0 3/8 CT 19MM PROMAMEC,1.0,2024-02-05,1,1.05
5BB080222,VICRYL RAPIDE 3/0 3/8 CT 19MM PROMAMEC,1.0,2024-02-12,2,0.97
5BB080222,VICRYL RAPIDE 3/0 3/8 CT 19MM PROMAMEC,1.0,2024-02-19,3,1.0
5BB080222,VICRYL RAPIDE 3/0 3/8 CT 19MM PROMAMEC,1.0,2024-02-26,4,0.9
5BB080014,ETHILON CRINERCE 3/0 CT 3/8C19MM,1.0,2024-02-05,1,1.01
5BB080014,ETHILON CRINERCE 3/0 CT 3/8C19MM,1.0,2024-02-12,2,0.97
5BB080014,ETHILON CRINERCE 3/0 CT 3/8C19MM,1.0,2024-02-19,3,0.99
5BB080014,ETHILON CRINERCE 3/0 CT 3/8C19MM,1.0,2024-02-26,4,0.95
5BB030065,SONDE D'ASPIRATION PVC  CH.16,1.0,2024-02-05,1,1.84
5BB030065,SONDE D'ASPIRATION PVC  CH.16,1.0,2024-02-12,2,1.68
5BB030065,SONDE D'ASPIRATION PVC  CH.16,1.0,2024-02-19,3,2.58
5BB030065,SONDE D'ASPIRATION PVC  CH.16,1.0,2024-02-26,4,2.4
5BB080223,VICRYL RAPIDE 4/0 CR 1/2C 22MM PROMAMEC,1.0,2024-02-05,1,1.06
5BB080223,VICRYL RAPIDE 4/0 CR 1/2C 22MM PROMAMEC,1.0,2024-02-12,2,1.02
5BB080223,VICRYL RAPIDE 4/0 CR 1/2C 22MM PROMAMEC,1.0,2024-02-19,3,1.04
5BB080223,VICRYL RAPIDE 4/0 CR 1/2C 22MM PROMAMEC,1.0,2024-02-26,4,1.0
5AD010049,PROPOFOL FRESENIUS 200MG 200MG INJECTA (,1.0,2024-02-05,1,1.36
5AD010049,PROPOFOL FRESENIUS 200MG 200MG INJECTA (,1.0,2024-02-12,2,1.79
5AD010049,PROPOFOL FRESENIUS 200MG 200MG INJECTA (,1.0,2024-02-19,3,1.72
5AD010049,PROPOFOL FRESENIUS 200MG 200MG INJECTA (,1.0,2024-02-26,4,1.56
5BB060117,SPARADRAP TEGADERM 3M 6X7CM,1.0,2024-02-05,1,1.55
5BB060117,SPARADRAP TEGADERM 3M 6X7CM,1.0,2024-02-12,2,1.51
5BB060117,SPARADRAP TEGADERM 3M 6X7CM,1.0,2024-02-19,3,1.3
5BB060117,SPARADRAP TEGADERM 3M 6X7CM,1.0,2024-02-26,4,1.07
5BB030069,UNKNOWN,1.0,2024-02-05,1,2.04
5BB030069,UNKNOWN,1.0,2024-02-12,2,1.87
5BB030069,UNKNOWN,1.0,2024-02-19,3,1.95
5BB030069,UNKNOWN,1.0,2024-02-26,4,1.85
5BB020024,SONDE FOLEY SILICO CH 16,1.0,2024-02-05,1,1.73
5BB020024,SONDE FOLEY SILICO CH 16,1.0,2024-02-12,2,1.68
5BB020024,SONDE FOLEY SILICO CH 16,1.0,2024-02-19,3,1.9
5BB020024,SONDE FOLEY SILICO CH 16,1.0,2024-02-26,4,1.96
5BB030070,SONDE D'ASPIRATION PVC  CH8,1.0,2024-02-05,1,1.64
5BB030070,SONDE D'ASPIRATION PVC  CH8,1.0,2024-02-12,2,1.23
5BB030070,SONDE D'ASPIRATION PVC  CH8,1.0,2024-02-19,3,1.29
5BB030070,SONDE D'ASPIRATION PVC  CH8,1.0,2024-02-26,4,1.18
5BB030015,CANULE DE GUEDEL PVC  N° 3,1.0,2024-02-05,1,1.03
5BB030015,CANULE DE GUEDEL PVC  N° 3,1.0,2024-02-12,2,1.01
5BB030015,CANULE DE GUEDEL PVC  N° 3,1.0,2024-02-19,3,1.03
5BB030015,CANULE DE GUEDEL PVC  N° 3,1.0,2024-02-26,4,1.05
5BB020015,SONDE FOLEY  LATEX CH18,1.0,2024-02-05,1,1.57
5BB020015,SONDE FOLEY  LATEX CH18,1.0,2024-02-12,2,1.77
5BB020015,SONDE FOLEY  LATEX CH18,1.0,2024-02-19,3,1.72
5BB020015,SONDE FOLEY  LATEX CH18,1.0,2024-02-26,4,1.71
5AA080070,EAU OXYGENEE 10V  DEZENF  FL 30ML SPRAY,1.0,2024-02-05,1,1.85
5AA080070,EAU OXYGENEE 10V  DEZENF  FL 30ML SPRAY,1.0,2024-02-12,2,2.38
5AA080070,EAU OXYGENEE 10V  DEZENF  FL 30ML SPRAY,1.0,2024-02-19,3,2.47
5AA080070,EAU OXYGENEE 10V  DEZENF  FL 30ML SPRAY,1.0,2024-02-26,4,2.48
5BB080225,VICRYL RAPIDE 5/0 3/8 CT 16MM,1.0,2024-02-05,1,1.13
5BB080225,VICRYL RAPIDE 5/0 3/8 CT 16MM,1.0,2024-02-12,2,1.05
5BB080225,VICRYL RAPIDE 5/0 3/8 CT 16MM,1.0,2024-02-19,3,1.04
5BB080225,VICRYL RAPIDE 5/0 3/8 CT 16MM,1.0,2024-02-26,4,1.0
5BB010073,INTRANULE G 16,1.0,2024-02-05,1,1.43
5BB010073,INTRANULE G 16,1.0,2024-02-12,2,1.02
5BB010073,INTRANULE G 16,1.0,2024-02-19,3,1.17
5BB010073,INTRANULE G 16,1.0,2024-02-26,4,1.12
5BB130137,DISPOSITIF POUR BLOCAGE D'EPAULE L,1.0,2024-02-05,1,1.06
5BB130137,DISPOSITIF POUR BLOCAGE D'EPAULE L,1.0,2024-02-12,2,1.01
5BB130137,DISPOSITIF POUR BLOCAGE D'EPAULE L,1.0,2024-02-19,3,1.03
5BB130137,DISPOSITIF POUR BLOCAGE D'EPAULE L,1.0,2024-02-26,4,1.05
5BB0506098,ORTHESE DE POIGNET DROIT T2,1.0,2024-02-05,1,0.99
5BB0506098,ORTHESE DE POIGNET DROIT T2,1.0,2024-02-12,2,0.98
5BB0506098,ORTHESE DE POIGNET DROIT T2,1.0,2024-02-19,3,1.03
5BB0506098,ORTHESE DE POIGNET DROIT T2,1.0,2024-02-26,4,0.97
5AD220024,PLASMION 15 G SOLUTION P 15G INJECTA (01,1.0,2024-02-05,1,0.95
5AD220024,PLASMION 15 G SOLUTION P 15G INJECTA (01,1.0,2024-02-12,2,0.89
5AD220024,PLASMION 15 G SOLUTION P 15G INJECTA (01,1.0,2024-02-19,3,1.01
5AD220024,PLASMION 15 G SOLUTION P 15G INJECTA (01,1.0,2024-02-26,4,0.95
5BB130195,ORTHESE DE POIGNET GAUCHE T2,1.0,2024-02-05,1,1.06
5BB130195,ORTHESE DE POIGNET GAUCHE T2,1.0,2024-02-12,2,1.01
5BB130195,ORTHESE DE POIGNET GAUCHE T2,1.0,2024-02-19,3,1.08
5BB130195,ORTHESE DE POIGNET GAUCHE T2,1.0,2024-02-26,4,1.05
